Symbol,RMSE,MSE,MAE,MAPE,R2,Accuracy,Precision,Recall,F1_Score
A,2.05610758526527,4.22757840218538,1.449661033081031,1.1261706859054108,0.975601292317924,49.700598802395206,66.02564102564102,47.24770642201835,55.080213903743314
AAL,3.306208954990626,10.931017654060206,2.3674797176089304,15.957711277425457,-0.40885869076835,66.76646706586826,66.76646706586826,100.0,80.07181328545781
AAP,12.092208942073915,146.22151709877235,10.492711333873997,27.45219641144891,-0.840940291874342,42.51497005988024,59.67741935483871,34.25925925925926,43.52941176470589
AAPL,4.396691907611756,19.3308997304587,3.557610656188492,1.59212646252055,0.914902615966698,53.293413173652695,70.96774193548387,56.41025641025641,62.85714285714285
ABBV,4.643506114935343,21.562149039441927,3.726009949072081,2.003068118717673,0.8612705613970598,51.49700598802395,66.85714285714286,52.94117647058824,59.09090909090909
ABT,1.3745285134787009,1.8893286343659672,0.8988199985240827,0.7478880185239907,0.979968893432098,50.0,68.82352941176471,50.64935064935064,58.35411471321695
ACN,4.781685136276585,22.864512742488422,3.046892934673757,0.9104108452754854,0.9700528940646922,53.293413173652695,70.1657458563536,55.45851528384279,61.95121951219512
ADBE,12.897626704457736,166.3487746075413,10.182396617294684,2.1573382326478296,0.9627146506498324,48.20359281437126,64.88095238095238,48.87892376681614,55.754475703324815
ADI,5.044317291910308,25.445136941465343,3.323662285466692,1.5630722370933554,0.8852322524277833,47.60479041916168,62.5,48.38709677419355,54.54545454545454
ADM,1.1334914507023115,1.284802868815231,0.8368509892136309,1.605489815284168,0.9617615302099052,51.796407185628745,67.74193548387096,48.61111111111111,56.60377358490566
ADP,116.26165780515582,13516.773075603149,115.38617951099022,39.78386685108582,-30.38469929106685,47.00598802395209,66.66666666666666,48.06866952789699,55.86034912718204
ADSK,48.22691492936363,2325.8353236040766,47.891363415408506,17.298244835872634,-3.573452329833515,49.700598802395206,66.48936170212765,54.34782608695652,59.80861244019139
AEE,22.634680867472124,512.3287779723086,21.80974703548059,23.77420262150731,-7.266324806899787,45.20958083832336,64.28571428571429,46.75324675324675,54.13533834586466
AEP,13.234344739624698,175.14788068723192,13.07627709064109,13.073423707405324,-5.637020667098878,50.59880239520959,68.10810810810811,54.310344827586206,60.431654676258994
AES,1.0385092990199185,1.0785015641508424,0.6837628937132736,6.086042704384037,0.8861247575238255,47.60479041916168,64.1025641025641,45.662100456621005,53.333333333333336
AFL,7.640063861108788,58.37057580182052,7.2493718111693,6.80066692270557,-0.7821812765160783,54.49101796407185,71.93877551020408,59.2436974789916,64.97695852534562
AIG,1.3287696609182809,1.7656288117768828,0.9546224069524216,1.2516420937612909,0.8855915162714524,51.796407185628745,70.9090909090909,50.8695652173913,59.24050632911393
AIV,0.2209089936364147,0.0488007834694535,0.1781916406973088,2.069122709902601,0.7317181283335973,48.20359281437126,64.53488372093024,49.775784753363226,56.20253164556962
AIZ,4.843974048756409,23.46408458502556,3.990365295161068,1.9922895474092368,0.901006924146838,53.293413173652695,71.03825136612022,55.793991416309005,62.5
AJG,3.9426722836133967,15.544664735973276,2.636087565194309,0.8628275491191183,0.970655277220339,57.48502994011976,70.12987012987013,68.93617021276596,69.52789699570815
AKAM,3.625221877824447,13.142233663457011,2.419133115522897,2.884700616905072,0.8545704641194424,47.60479041916168,64.97175141242938,50.43859649122807,56.79012345679012
ALB,8.942145962386558,79.96197441262623,6.593216316488241,9.507093809872435,0.654093036871197,46.10778443113773,61.59420289855072,40.09433962264151,48.57142857142857
ALGN,39.941275839051805,1595.3055156512237,36.76313579000943,16.930465234818456,-1.0821029476479669,52.09580838323353,64.9425287356322,53.301886792452834,58.549222797927456
ALK,1.7265343430867683,2.9809208378580587,1.198147517797718,2.552754554142612,0.979823309822176,49.700598802395206,66.46706586826348,49.775784753363226,56.92307692307692
ALL,88.8368195500861,7891.98050777456,88.49107592029881,46.401541953155615,-56.0101953613115,46.10778443113773,65.49707602339181,48.06866952789699,55.44554455445545
ALLE,2.4660193501019347,6.081251435077169,1.8771506615325608,1.4041792131060733,0.9045902243242406,50.29940119760479,69.32515337423312,49.34497816593886,57.6530612244898
AMAT,5.012925419239659,25.129421258859114,3.4652004032917896,1.941076224170563,0.9591377109639042,47.60479041916168,62.35955056179775,50.68493150684932,55.91939546599496
AMD,6.621001018779432,43.83765449067828,5.702460152583335,4.240471978439644,0.9258771095046432,50.898203592814376,65.47619047619048,50.92592592592593,57.29166666666666
AME,2.581037765136846,6.6617559450626045,1.7970324036897076,1.0266889911692068,0.9415465209590224,49.40119760479042,64.51612903225806,53.81165919282511,58.679706601467
AMG,16.891502004788876,285.3228399777866,15.732013907631856,8.978329937855051,-1.2851638673419463,50.59880239520959,68.78612716763006,51.73913043478261,59.05707196029777
AMP,8.345956333690548,69.65498712386939,5.372967142610412,1.0928369583742663,0.9705700637744398,57.78443113772455,70.89201877934272,65.65217391304347,68.17155756207674
AMT,16.5950999839934,275.3973434787377,14.523882978628814,7.127539187081452,-0.0595170651276761,48.80239520958084,66.29213483146067,51.52838427947598,57.98525798525799
AMZN,54.980071553289015,3022.80826800478,54.53420588015086,27.31490845976332,-7.079510249535598,47.00598802395209,63.095238095238095,47.963800904977376,54.498714652956295
AON,106.3488837130286,11310.08506700728,104.70145008636588,28.89001010320816,-14.244433794210538,52.09580838323353,68.30601092896174,55.06607929515418,60.97560975609756
AOS,1.113876567171482,1.2407210068937249,0.7139726681753772,0.968546571940812,0.9786835464988984,50.898203592814376,65.21739130434783,49.29577464788733,56.14973262032086
APA,1.471968169446752,2.1666902918644224,1.070882370882959,5.363231742508337,0.884348297096913,49.10179640718562,67.04545454545455,51.30434782608696,58.12807881773399
APD,65.49623302473046,4289.756540429792,64.52171649472783,21.86768681000277,-6.739650252206932,51.796407185628745,67.63005780346822,52.702702702702695,59.24050632911393
APH,1.4364122525254714,2.063280159205299,0.8660352120595193,1.2738187038124584,0.9455298469738138,50.59880239520959,65.51724137931035,58.333333333333336,61.7169373549884
APTV,7.696834349262072,59.241258999980495,6.572131783585052,10.496927273909536,-0.4844402244185104,54.19161676646706,63.38582677165354,72.85067873303167,67.78947368421052
ARE,14.313974067879872,204.88985361593743,12.973865428818916,12.936114319415754,0.1822571071484818,59.58083832335329,65.06024096385542,77.14285714285715,70.58823529411765
AVB,67.07393917962945,4498.913317072631,66.57019035490858,30.605633651291186,-41.444418465962784,48.50299401197605,64.88095238095238,49.0990990990991,55.8974358974359
AVGO,7.80171243925233,60.86671698478454,5.925993274258145,3.1698105843176525,0.9292038465048408,50.29940119760479,67.44186046511628,51.32743362831859,58.29145728643216
AVY,2.5377291656852288,6.440069318369448,1.8940547764399105,0.9608989649915846,0.9783572498429338,49.700598802395206,63.85542168674698,49.53271028037384,55.78947368421052
AWK,27.594293115908908,761.4450125666978,26.678015850109844,19.145717956924123,-10.54564866108818,55.38922155688623,66.51785714285714,66.81614349775785,66.66666666666666
AXP,135.1354493789809,18261.58967885909,134.31535842883898,48.56429496512468,-27.97779878612691,55.68862275449101,71.72774869109948,59.307359307359306,64.92890995260665
AYI,5.953106939819551,35.4394822369277,4.686865442361391,1.6688418865178758,0.9699381015274536,53.89221556886228,71.26436781609196,54.38596491228071,61.69154228855721
AZO,49.53897054202384,2454.109602363505,37.15147035268891,1.1122427410432965,0.9636170287516164,50.898203592814376,68.75,52.60869565217391,59.60591133004927
BA,6.227860578213851,38.78624738167016,4.667093569409491,2.879425853671991,0.8335536413130066,50.29940119760479,67.24137931034483,51.76991150442478,58.5
BAC,13.85609792506564,191.99144970900832,13.700149976807078,32.09750165815715,-18.269746706026723,50.0,67.70186335403726,48.660714285714285,56.62337662337662
BAX,4.33527499682443,18.794609298091064,3.492574964314308,9.843423826473412,-0.9394098526159,65.5688622754491,65.5688622754491,100.0,79.20433996383363
BBY,3.656849049695985,13.37254497226243,2.6973452923263443,3.3819699610438327,0.8787125379590592,43.41317365269461,59.86842105263158,41.55251141552511,49.0566037735849
BDX,19.37416456027271,375.3582524085271,16.5055477177082,7.744266307466854,-0.0143623857833334,55.98802395209581,63.095238095238095,74.64788732394366,68.38709677419355
BEN,2.2128922293032898,4.896892018510884,1.889300865873472,8.847293117914665,-1.5200869628402374,51.796407185628745,67.2316384180791,53.6036036036036,59.64912280701754
BF.B,8.710026988097527,75.86457013338726,6.610897706771962,19.053492577931834,-1.356380832448099,54.19161676646706,69.42675159235668,50.93457943925234,58.7601078167116
BHF,1.368486893130375,1.872756376669627,0.8703823573126725,1.6856012368443891,0.9447031813294776,52.39520958083832,71.75141242937853,53.813559322033896,61.50121065375303
BK,3.960543583909724,15.685905480048485,3.521893816421277,4.443467958776036,0.7688337382237636,52.09580838323353,72.06703910614524,53.97489539748954,61.72248803827751
BLK,18.99238058398592,360.71052024696536,15.33122329400904,1.613896564529187,0.9319547898128387,53.293413173652695,71.75141242937853,54.506437768240346,61.95121951219512
BMY,0.946783590962294,0.8963991681154566,0.623442862241959,1.1955847575799323,0.9708116377316812,49.700598802395206,68.90243902439023,49.130434782608695,57.36040609137056
BRK.B,5.444696873673447,29.64472404618941,3.3660748686078747,0.7064421726125668,0.9707268543604908,52.09580838323353,71.60493827160494,50.43478260869565,59.18367346938776
BSX,1.689114564169328,2.8531080108889384,1.307670607296389,1.4531257392150891,0.9706228222367036,53.293413173652695,71.72774869109948,57.32217573221757,63.72093023255814
BWA,4.08148147333978,16.65849101721586,3.7340346698033695,11.42273199118073,-1.792484189796614,48.80239520958084,66.0919540229885,50.66079295154186,57.356608478803
BXP,13.548409561683805,183.55940165112509,13.173636909051613,17.9259798309936,-2.6025023713083444,53.293413173652695,70.85714285714285,54.14847161572053,61.38613861386138
CAG,2.122743397642775,4.5060395322359925,1.7796426437148511,6.381794646359183,0.3431313934502374,56.88622754491018,64.98054474708171,75.56561085972851,69.8744769874477
CAH,44.66183767726277,1994.679744710168,43.96933573180527,36.17188064714116,-8.41158727639213,53.293413173652695,70.24390243902438,60.25104602510461,64.86486486486487
CAT,7.218452872208499,52.10606186829513,5.66366992775361,1.5865038328109866,0.9422231330839276,50.0,66.45569620253164,47.94520547945205,55.702917771883286
CB,4.241786314592638,17.9927511386654,3.211686800216554,1.1544624480893917,0.8587653588867772,49.700598802395206,69.18604651162791,50.85470085470085,58.620689655172406
CBOE,10.144674604197288,102.9144228250454,9.246234885742426,4.458689114919031,0.426052945551162,54.19161676646706,69.08212560386472,61.63793103448276,65.14806378132118
CCI,15.159762467871138,229.8183980822744,14.013297041741044,13.602413630571238,-1.950441666307157,52.99401197604791,69.47368421052632,57.14285714285714,62.70783847980997
CCL,0.7254465432532321,0.5262726871180635,0.5568592673673554,2.6850085300092825,0.961734328358318,52.39520958083832,66.49484536082474,57.847533632287,61.87050359712231
CDNS,6.43975078340096,41.470390152313286,4.149897047843496,1.482739063856148,0.9295628759223522,49.700598802395206,67.27272727272727,49.333333333333336,56.92307692307692
CF,17.72095900861942,314.0323881851698,17.63229280634069,21.514055988414203,-6.571525464060014,48.50299401197605,68.75,50.84033613445378,58.45410628019325
CFG,0.8837015099338005,0.7809283586592789,0.6072316017880355,1.456099457833679,0.9392721464909832,47.90419161676647,65.29411764705883,49.11504424778761,56.060606060606055
CHD,22.81286204967296,520.4266748974088,22.69066959032572,21.76260430096527,-26.72877952498612,46.706586826347305,64.84848484848484,47.136563876651984,54.59183673469388
CHRW,2.7637072688640845,7.638077867972176,1.9032500499166656,1.937315805145517,0.8424162159529298,50.29940119760479,65.3409090909091,52.27272727272727,58.08080808080808
CHTR,116.74523669379091,13629.450290689269,114.3571089787412,31.78187116492324,-15.90657374243477,49.10179640718562,65.26946107784431,49.321266968325794,56.18556701030928
CI,6.131220269716627,37.59186199578403,4.146364611422844,1.3073793422390656,0.9324672658808724,53.59281437125748,70.1086956521739,56.33187772925764,62.469733656174334
CINF,2.043721495957137,4.176797553037278,1.399883862867281,1.0089890577538956,0.9521382282400992,53.59281437125748,71.42857142857143,55.793991416309005,62.65060240963856
CL,15.719353774120908,247.0980830759692,15.54029053742316,16.272698744780172,-6.655745879992192,47.00598802395209,62.94117647058823,48.41628959276018,54.73145780051151
CLX,2.3251830072541564,5.406476017223482,1.7423787758412577,1.166296117724787,0.9609705823079592,48.80239520958084,64.44444444444444,52.01793721973094,57.5682382133995
CMA,24.31560743305021,591.248764838207,24.181210681993264,40.428163278497095,-16.57331196052543,50.898203592814376,66.08187134502924,51.598173515981735,57.94871794871796
CMCSA,1.520014735030553,2.310444794710002,1.2919160870700626,3.522647208538269,0.744245563724172,49.700598802395206,65.89595375722543,51.12107623318386,57.57575757575758
CME,3.694568200954713,13.649834191505748,3.0561134789239333,1.3048563572986318,0.9765344136595442,51.19760479041916,70.15706806282722,55.833333333333336,62.18097447795824
CMG,4.097043471757512,16.78576520947085,2.5740712208142926,4.626395052453472,0.1783407788960707,47.60479041916168,62.19512195121951,47.44186046511628,53.825857519788926
CMI,5.993207301929391,35.91853376389977,4.313543161445572,1.3157582602953568,0.965176478191498,44.91017964071856,62.65822784810127,44.19642857142857,51.832460732984295
CMS,10.23026688878108,104.65836061569054,9.9564959769845,14.3626148837762,-7.125232417591409,49.10179640718562,70.83333333333334,49.583333333333336,58.333333333333336
CNC,5.773205738767623,33.32990450213942,4.989329792556924,8.026070532777052,0.2601895100385069,51.49700598802395,68.75,49.549549549549546,57.59162303664922
CNP,0.5161989834471975,0.2664613905119201,0.3697213653023576,1.1081363242958269,0.9778895240864433,51.796407185628745,71.34502923976608,52.13675213675214,60.24691358024692
COF,4.019261748783863,16.154465005237117,2.5867497760929306,1.5204757475109691,0.9660326055388532,50.898203592814376,68.32298136645963,49.327354260089685,57.29166666666666
COO,4.563139146677193,20.822238871937856,3.3755889753771533,3.879953937710355,0.7865843924051987,54.19161676646706,70.0,56.00000000000001,62.22222222222222
COP,2.543840779989236,6.471125913936243,1.9093016382188936,1.8927805258073755,0.9090915087258492,48.20359281437126,64.24242424242425,48.18181818181818,55.06493506493506
COST,14.785242493075666,218.6033955790504,11.760884623954464,1.2627737597237767,0.9448504549774674,49.10179640718562,65.5367231638418,51.55555555555556,57.71144278606965
COTY,2.4958799119348494,6.229416534799911,2.480472999213345,35.64878603267821,-1.0704580049606345,49.40119760479042,62.7906976744186,50.70422535211267,56.1038961038961
CPB,1.5903370578913036,2.5291719577023675,1.2386593440926916,3.0197090285655306,0.9000298379109671,49.40119760479042,64.91228070175438,50.45454545454545,56.77749360613811
CRM,6.427245224150499,41.309481171365405,4.502074845242856,1.5404260031103396,0.965356937498034,52.69461077844312,68.78612716763006,53.36322869955157,60.1010101010101
CSCO,1.0653768162974784,1.135027760704151,0.7585790989069802,1.364077454543042,0.9631172589255572,56.58682634730538,73.60406091370558,60.92436974789916,66.66666666666666
CSX,0.4584875741350169,0.2102108556362126,0.3136833047075053,0.9610991789951456,0.9601656668948384,49.700598802395206,67.05882352941175,50.4424778761062,57.57575757575758
CTAS,2.8277113624161445,7.995951549137367,1.6540648195458922,0.8211804959188239,0.9472863477935762,49.10179640718562,67.03296703296702,52.58620689655172,58.93719806763285
CVS,4.478388953856258,20.05596762202175,3.3695473197969896,6.046372751275915,0.485124178790279,53.59281437125748,64.48979591836735,69.91150442477876,67.09129511677283
CVX,58.18443374513844,3385.428330242405,58.00907526058759,38.50870330749154,-48.16513491650332,54.49101796407185,70.98445595854922,58.798283261802574,64.31924882629107
DAL,1.3491169453791412,1.8201165323091444,0.8990517604030787,1.7685629264395244,0.9799501649715626,51.19760479041916,64.81481481481481,49.763033175355446,56.30026809651475
DE,7.364316055533155,54.2331509657834,4.962884556161836,1.1342835558346167,0.973882082508404,50.59880239520959,66.87898089171973,48.1651376146789,56.00000000000001
DG,18.841202717334863,354.9909198357066,16.10683416474749,20.504537291188683,-0.1275018852490519,62.5748502994012,65.75342465753424,88.47926267281106,75.44204322200393
DGX,2.268217955654647,5.144812694354146,1.5895689253682572,0.987205690677316,0.9495855728401636,43.71257485029941,62.57668711656442,44.54148471615721,52.04081632653062
DHI,6.075862719624284,36.9161077877202,5.276153716912893,3.344073236613751,0.9405842606117776,47.30538922155689,62.5,46.2962962962963,53.191489361702125
DHR,4.309527437391053,18.5720267336263,3.282749018081977,1.393571437435834,0.9779526924754844,49.40119760479042,65.06024096385542,49.31506849315068,56.1038961038961
DIS,4.203880054287279,17.672607510834414,3.2868705310753774,3.311800657861975,0.8240458867944622,47.60479041916168,64.63414634146342,47.53363228699551,54.78036175710594
DLR,50.983111033376055,2599.277610641552,50.12076310829173,30.388224737675905,-12.274959736050826,49.700598802395206,67.46987951807229,49.55752212389381,57.14285714285714
DLTR,11.247184077562853,126.49914967458336,9.496337779509382,13.510925242512492,0.2253704840161542,60.77844311377245,65.12455516014235,84.72222222222221,73.64185110663985
DOV,3.260784635385364,10.632716438365264,2.556007684337557,1.3693314355828434,0.923878100341926,51.796407185628745,65.18987341772153,49.2822966507177,56.13079019073569
DRI,3.552299841309699,12.618834162568913,2.5645909252202426,1.4241263574474252,0.971312708844536,49.40119760479042,63.95348837209303,50.69124423963134,56.555269922879184
DTE,1.3364317930855034,1.7860499375697336,0.8921876534348101,0.7056729346613156,0.9635345599339972,49.10179640718562,72.83236994219652,50.60240963855421,59.71563981042654
DUK,1.1936387390538024,1.4247734393699512,0.8611485810350987,0.7509085854674578,0.9433326414819766,50.898203592814376,69.41176470588235,51.30434782608696,59.0
DVA,9.827933088331829,96.58826878872756,8.841595118762843,5.744253811924273,0.1359291317143682,53.89221556886228,71.20418848167539,57.87234042553191,63.84976525821596
DVN,23.717563212168944,562.5228047232297,23.58460131031186,62.80750924207854,-19.5870589945966,51.19760479041916,68.66666666666667,47.03196347031963,55.82655826558266
DXC,0.4764400497639993,0.2269951210191221,0.3528324980486678,1.917653860107162,0.955353903559185,50.898203592814376,65.19337016574586,53.88127853881278,59.0
EA,2.6922813861207824,7.248379062052442,1.941904440894504,1.345108049428719,0.9269617779678604,52.99401197604791,70.05347593582889,56.46551724137932,62.52983293556086
EBAY,19.98239334887144,399.2960439490213,19.497682279215816,30.355238922330663,-15.1211695776869,49.40119760479042,66.66666666666666,53.67965367965368,59.47242206235012
ECL,114.67493571990327,13150.34088236395,114.2965862223319,45.99676479561423,-146.93641111410523,52.39520958083832,71.42857142857143,51.94805194805194,60.15037593984962
ED,1.353228624094285,1.831227709068112,0.971329136062024,0.9614246511131151,0.9584634817924484,44.91017964071856,61.63522012578616,44.34389140271493,51.578947368421055
EFX,6.548460768611595,42.88233843804517,4.743178718541986,1.8508320002692973,0.9072559300147576,52.69461077844312,67.56756756756756,56.05381165919282,61.274509803921575
EIX,25.491938255036388,649.8389159985876,21.54617060455958,27.466058582900587,-2.624234708879394,45.20958083832336,63.69047619047619,46.72489082969432,53.904282115869016
EL,35.029220737143454,1227.0463054515212,31.96970845017272,45.74435084058255,-4.951835879987893,61.07784431137725,62.893081761006286,94.33962264150944,75.47169811320755
EMN,1.593581402177528,2.539501685366096,1.0738285419086906,1.1387774708298024,0.972349857384267,50.0,64.55696202531645,47.88732394366197,54.98652291105122
EMR,4.009427941120888,16.075512415040887,3.479581583499918,2.99660622842342,0.8405509792679031,50.59880239520959,68.18181818181817,52.40174672489083,59.25925925925925
EOG,55.04390263873995,3029.831217703083,54.92949115684318,44.0694766257508,-53.79024465109566,48.50299401197605,65.89595375722543,50.22026431718062,56.99999999999999
EQIX,19.39342770023948,376.1050379644158,15.06272748837186,1.7012988419300576,0.8951712005136216,51.796407185628745,69.89247311827957,55.319148936170215,61.75771971496437
EQR,17.391591540039972,302.46745629558995,17.355152620135847,24.307417567500192,-34.521732027446824,49.700598802395206,66.47398843930635,51.11111111111111,57.78894472361809
EQT,1.0053117332345625,1.01065168097908,0.6959592400033066,1.5418504765715424,0.9838769929405476,52.69461077844312,71.50837988826815,54.46808510638298,61.83574879227053
ES,1.078454505023913,1.1630641194063729,0.7802019130819994,1.2856947720772207,0.9117259688155084,48.80239520958084,65.36312849162012,51.76991150442478,57.77777777777777
ESS,105.55434582098228,11141.71992169552,104.85857919170344,36.0680477396817,-75.105532383445,70.65868263473054,70.65868263473054,100.0,82.80701754385966
ETN,6.788441472817329,46.08293762986631,4.363523040700311,1.4046773965679795,0.9482451995623986,53.293413173652695,66.18357487922705,61.43497757847533,63.72093023255814
ETR,10.215487546568756,104.35618581410134,8.68215769417161,11.09677090762683,0.0308778787856887,50.0,71.08433734939759,49.78902953586498,58.56079404466501
EW,10.5531796032893,111.36959973928133,9.668749408513252,13.510365195207452,-1.7515039191518165,61.67664670658682,67.55725190839695,80.45454545454545,73.44398340248964
EXC,13.86869107851949,192.34059223140608,13.60708917500768,33.38740849292922,-16.322620069926355,42.81437125748503,63.580246913580254,43.82978723404256,51.88916876574308
EXPD,1.700814990894042,2.8927716332499003,1.1377504599218966,0.9744711563480164,0.90115607736043,49.10179640718562,63.80368098159509,48.372093023255815,55.02645502645503
EXPE,3.70834308012239,13.751808399891614,2.155657365185112,1.3521084906056753,0.974167396759649,49.40119760479042,65.3179190751445,50.9009009009009,57.21518987341773
EXR,2.342461413722107,5.487125474776972,1.785451548663543,1.1343532818885218,0.9602739392533564,50.898203592814376,68.23529411764706,51.32743362831859,58.58585858585859
F,0.2425435030222368,0.0588273508582977,0.1523663234857482,1.4601208614752288,0.9456859977762307,54.19161676646706,70.37037037037037,57.826086956521735,63.48448687350835
FAST,3.2402454704440338,10.499190708733078,0.7043442169587993,1.6695015245056035,0.2304817527756244,51.19760479041916,67.44186046511628,52.01793721973094,58.734177215189874
FCX,1.0732398947289834,1.1518438716378794,0.8206596839107686,2.0036464110652084,0.9520433601774698,51.19760479041916,67.27272727272727,50.45454545454545,57.66233766233766
FDX,4.854441386552534,23.565601175474093,2.629447623993029,1.0272217279890823,0.9708565217207832,49.700598802395206,68.26347305389223,49.78165938864629,57.57575757575758
FE,6.757234879580808,45.66022321782345,6.709134794623994,16.198270993640985,-13.684157351738811,47.60479041916168,65.5367231638418,50.43478260869565,57.00245700245701
FFIV,5.097087365785461,25.980299614449763,3.474333946321432,1.424926417933252,0.98159519777763,54.49101796407185,72.5,59.917355371900825,65.61085972850678
FIS,1.8659109960400768,3.481623845143272,1.4213017968740034,1.8261735058718944,0.8934903999064534,51.49700598802395,68.68131868131869,54.34782608695652,60.67961165048544
FITB,4.756112179445018,22.62060306346524,4.5785769511443535,10.919803565606903,-0.8336725570881127,48.80239520958084,65.88235294117646,49.77777777777778,56.70886075949368
FL,4.574827950828201,20.92905077967896,3.478330314777234,20.46623015150152,0.2764992749108481,52.39520958083832,62.85714285714285,61.97183098591549,62.4113475177305
FLR,6.5245288598262,42.569476842704965,6.076353680165847,12.994220132675864,0.1031988570874353,50.0,63.095238095238095,50.23696682464455,55.93667546174142
FLS,1.4813295294266466,2.1943371747513707,1.137186544388087,2.087742411397428,0.9450317594100314,48.50299401197605,67.66467065868264,48.91774891774892,56.78391959798995
FMC,10.34210029559642,106.95903852417558,9.455030478162271,19.5625825854165,-0.0048458367215382,59.88023952095808,64.01384083044984,86.04651162790698,73.4126984126984
FOX,5.66825485300442,32.129113078608164,5.5404821913962925,12.689222589424384,0.1069234887151256,52.69461077844312,70.45454545454545,53.91304347826087,61.08374384236453
FOXA,3.3366049792291004,11.132932787416424,2.85336615952449,5.792554367471673,0.7221633800102021,50.29940119760479,68.20809248554913,51.52838427947598,58.70646766169154
FRT,2.0829897958958625,4.338846489806286,1.5275129140757813,1.467623688796791,0.9321550231735404,49.10179640718562,64.13043478260869,53.15315315315316,58.12807881773399
FTI,20.54692760810799,422.1762341328303,20.476199342217686,72.27284149066972,-78.9627532263446,60.17964071856288,76.34408602150538,61.471861471861466,68.10551558752998
FTV,1.087652381370369,1.1829877027006337,0.7396220750746411,1.0052055101201582,0.9347866194090532,50.29940119760479,66.27218934911244,50.678733031674206,57.43589743589743
GD,7.089619913160155,50.262710513077,5.759704075243953,2.095813160169112,0.8360256457130112,50.898203592814376,68.67469879518072,50.4424778761062,58.16326530612245
GE,75.21410762844292,5657.161986342994,74.54801687124592,40.14297293448051,-15.10720350416578,50.898203592814376,68.9119170984456,56.118143459915615,61.86046511627907
GILD,38.52750533231653,1484.3686671316784,36.31320448774633,38.17748407937262,-7.957096535726952,72.75449101796407,72.75449101796407,100.0,84.22876949740035
GIS,2.4444112293785825,5.975146258312113,1.594062818799446,2.576834393836951,0.8247670103111856,51.49700598802395,65.44502617801047,56.56108597285068,60.67961165048544
GLW,0.8281141762698415,0.6857730889390781,0.5002107968828572,1.09365495175846,0.9524211065484824,49.10179640718562,68.23529411764706,50.0,57.71144278606965
GM,1.2945258172325145,1.6757970914815097,1.0338121699005816,2.1123325756354827,0.8747824791534778,54.79041916167665,73.88888888888889,56.118143459915615,63.78896882494005
GOOG,3.0400520528695982,9.24191648415666,2.18203736410568,1.256116524814617,0.9513761428623428,52.39520958083832,70.17543859649122,52.63157894736842,60.15037593984962
GOOGL,3.5550984756473314,12.63872517154998,2.851893692585961,1.649190337664132,0.9341240825070092,51.19760479041916,68.0,52.654867256637175,59.35162094763092
GPC,2.4239870883202648,5.8757134043433545,1.3632486495678062,1.095109836888343,0.9389169341740452,50.29940119760479,66.47058823529412,50.9009009009009,57.6530612244898
GPN,10.532919941170867,110.94240248711488,8.029160104981678,8.874127345369518,0.260245178085407,47.90419161676647,65.78947368421053,45.04504504504504,53.475935828877006
GRMN,58.40184861962179,3410.77592218922,57.59622051630983,29.40615296404952,-7.206186080107367,53.293413173652695,70.85714285714285,54.14847161572053,61.38613861386138
GS,19.45521543608024,378.5054076642949,16.542481047160575,2.941265534823609,0.8787298773956177,55.68862275449101,72.08121827411168,60.42553191489362,65.74074074074075
GT,1.9674215549641352,3.870747574937496,1.835967434823624,18.880893595210026,-2.039070289181796,56.2874251497006,63.671875,75.46296296296296,69.0677966101695
GWW,13.609240738430987,185.2114334765696,9.613799253483304,0.9202846220917584,0.9694892942824848,50.29940119760479,65.26946107784431,50.23041474654379,56.770833333333336
HAL,1.8394480191154887,3.3835690150278968,1.1856139573450413,4.993843856921983,0.7944715230944283,55.68862275449101,71.76470588235294,54.95495495495496,62.24489795918368
HAS,21.81117998893309,475.7275725096353,21.23467714373789,33.36893658327707,-16.370784095539356,53.89221556886228,69.31216931216932,57.70925110132159,62.980769230769226
HBAN,4.004199577853961,16.033614259285837,3.939550798413024,25.36324941037316,-7.365654995119936,50.59880239520959,66.66666666666666,53.98230088495575,59.65770171149144
HBI,4.625453840949719,21.394823234756508,4.371717403134303,64.29611195145327,-11.09480066730552,51.49700598802395,67.76315789473685,47.68518518518518,55.97826086956522
HCA,5.351072154684009,28.63397320463456,3.5501052205936285,1.037120046096765,0.972255606274914,55.98802395209581,71.56398104265402,63.4453781512605,67.26057906458797
HD,5.175311130122203,26.78384529356676,3.969561451974207,1.0366419309835244,0.9582344643928362,48.50299401197605,64.11764705882354,49.54545454545455,55.8974358974359
HES,21.261398304566857,452.0470578654384,21.05428982805137,14.96659583748883,-5.915217992279648,60.47904191616767,75.24271844660194,65.67796610169492,70.13574660633483
HIG,2.460177682545229,6.052474229693614,1.7864196721493224,1.5475493651611345,0.8738968836760166,54.19161676646706,72.636815920398,59.83606557377049,65.61797752808988
HII,11.940724477930118,142.58090105783947,6.728058318382307,3.455167239018152,0.8786105289746798,53.59281437125748,67.5257731958763,58.744394618834086,62.829736211031175
HLT,6.1762175951557,38.14566378271086,5.509434166812195,2.3190718832362367,0.8791446004318846,50.59880239520959,69.23076923076923,50.8695652173913,58.64661654135338
HOG,0.6187738979991791,0.3828811368450986,0.4358644639962252,1.4634184237996717,0.9852081974294395,49.40119760479042,63.125,47.867298578199055,54.44743935309974
HOLX,1.0270874931069267,1.0549087184966712,0.6391628030520775,0.9356605458135372,0.987474417239851,49.10179640718562,64.63414634146342,48.62385321100918,55.49738219895288
HON,2.8248698530285323,7.979889686549443,1.7182116774107077,0.8123487742785925,0.928328494976851,47.90419161676647,63.95348837209303,49.549549549549546,55.83756345177665
HP,2.655746858545318,7.052991376673327,2.139337945735833,8.509091041226009,0.8245165363400015,45.808383233532936,61.65413533834586,38.67924528301887,47.53623188405797
HPE,2.892976940903683,8.36931558060043,2.322040553491508,11.544547111795076,-0.3064233558021882,49.10179640718562,64.9425287356322,50.9009009009009,57.07070707070707
HPQ,0.730923321563053,0.5342489020047662,0.5777216577805646,1.7845464217778064,0.96734723795489,52.39520958083832,69.14285714285714,53.53982300884957,60.349127182044896
HRB,1.5775186681685462,2.488565148420264,1.3643838481120203,2.358047167200219,0.8315807449082805,53.89221556886228,69.27710843373494,52.752293577981646,59.895833333333336
HRL,1.1104742183931822,1.2331529897159488,0.9227501928741816,3.0584910826858347,0.1025862076254476,55.08982035928144,69.61325966850829,57.01357466063348,62.68656716417911
HST,0.4435247029025242,0.1967141620847724,0.351474123415663,2.144394213251056,0.9087259504666036,49.40119760479042,68.55345911949685,47.80701754385965,56.33074935400517
HSY,2.683865550813853,7.203134294845347,1.7488944123600878,1.0043995863242232,0.9665731670231754,46.10778443113773,61.96319018404908,46.118721461187214,52.87958115183245
HUM,39.80937328591783,1584.786201417548,34.1058361646653,12.850773648554023,0.2228899229997352,50.898203592814376,67.6829268292683,50.0,57.51295336787565
IBM,40.931551776927,1675.3919308672555,39.52446103199204,17.26781341021871,-1.8544870830401328,50.29940119760479,69.1891891891892,54.0084388185654,60.66350710900474
ICE,4.674776353466034,21.853533954925187,4.002127014905672,2.4713120880061625,0.7463615859456224,56.58682634730538,73.13432835820896,61.76470588235294,66.97038724373576
IDXX,8.74781258519046,76.52422502561657,6.203998792327621,1.3793404671772698,0.9342140748427136,48.20359281437126,63.372093023255815,49.77168949771689,55.754475703324815
IFF,3.4222784074084003,11.711989497813777,3.082251840024743,3.578618147062341,0.8865297701438686,49.700598802395206,64.49704142011834,50.23041474654379,56.47668393782384
ILMN,23.33553064732872,544.5469905924176,17.430472075195457,15.02980171865518,0.1627236682056609,49.40119760479042,64.77987421383648,47.68518518518518,54.93333333333334
INCY,7.782204482243229,60.56270660344661,7.461589359084922,11.258312986930877,-0.8635816288137443,56.88622754491018,76.4367816091954,56.35593220338984,64.8780487804878
INTC,3.8708913097658217,14.98379953202056,3.2389159791967748,14.430220000222729,-0.0519834023230088,49.40119760479042,63.05732484076433,47.14285714285714,53.950953678474114
INTU,15.039518880524168,226.1871281576429,12.140293328409756,1.9410980493554009,0.7854352226326093,49.10179640718562,64.77272727272727,51.35135135135135,57.286432160804026
IP,1.437557083755601,2.066570369055908,1.091558255309488,2.091476116688809,0.9084269922652792,51.19760479041916,69.36416184971098,52.17391304347826,59.55334987593052
IR,1.5010088884084416,2.2530276830811458,0.9674348326263152,1.095076221926014,0.9716009070588748,48.50299401197605,63.42857142857142,50.68493150684932,56.34517766497462
ISRG,9.673253530994,93.57183387488789,6.484581536193357,1.2675277733889372,0.952614949176832,49.40119760479042,67.0391061452514,52.17391304347826,58.679706601467
IT,12.130537886595109,147.14994941811932,11.036778257270354,2.2941157380266066,0.909002741816213,50.59880239520959,63.26530612244898,57.14285714285714,60.048426150121074
JBHT,2.8946164795262987,8.378804563545224,1.8473542716360785,1.1464531303532957,0.9677401395819184,48.50299401197605,62.94117647058823,49.53703703703704,55.44041450777202
JNJ,19.96083998770902,398.43513301492334,18.748633784065145,11.834309036207031,-7.49109806742832,68.26347305389223,68.26347305389223,100.0,81.13879003558719
JPM,5.6660864502169055,32.10453566133161,4.7971625084040825,2.0190861907023754,0.9289518632566612,53.59281437125748,72.04301075268818,56.540084388185655,63.35697399527187
K,3.525277910736902,12.427584347929535,2.991277967509936,4.085061357602062,0.7807389472411617,50.898203592814376,71.26436781609196,52.10084033613446,60.19417475728155
KEY,0.4231069742664261,0.1790195116728901,0.2876180590088688,1.7540883573287818,0.9138523835540462,45.808383233532936,63.85542168674698,46.69603524229075,53.9440203562341
KHC,2.9006006957589454,8.413484396237278,2.123956120245828,6.369142255713095,-0.2274509735586698,50.898203592814376,70.39473684210526,47.34513274336283,56.61375661375661
KIM,1.903924527402707,3.624928606045621,1.8624344680505032,8.29511032021633,-0.405017519219901,49.700598802395206,65.74585635359117,52.888888888888886,58.620689655172406
KLAC,22.729999780102585,516.6528900034635,15.168581737255003,2.103152108106905,0.8794115778087543,44.91017964071856,63.33333333333333,49.137931034482754,55.33980582524271
KMB,2.304362565992147,5.310086835545913,1.7658002674005824,1.291841535788934,0.8223101913513332,54.79041916167665,73.07692307692307,56.59574468085107,63.78896882494005
KMI,2.9869412422722426,8.921817984786848,2.557987273009853,9.512731023037576,-0.0141086119363036,51.49700598802395,69.43005181347151,56.540084388185655,62.32558139534884
KMX,20.23198410898471,409.33318098620987,19.75358834850227,25.30309968964269,-8.22193588030487,51.19760479041916,65.14285714285715,52.77777777777778,58.31202046035806
KO,1.001758955377656,1.0035210046793328,0.8248080523049699,1.1995468982799549,0.9309741454464942,52.39520958083832,70.3030303030303,51.32743362831859,59.33503836317136
KR,16.027700527271502,256.8871841918992,15.835145541439308,26.065909295822586,-6.1469450065636,47.60479041916168,63.63636363636363,50.22421524663677,56.14035087719298
KSS,5.142001528942832,26.440179723650424,4.4511010264469615,42.21755432000439,-0.0219718030003037,44.91017964071856,57.35294117647059,38.23529411764706,45.88235294117647
L,1.4386288967775505,2.069653102643392,1.2242290271396008,1.470807408549232,0.8684420052614032,52.69461077844312,73.86363636363636,53.71900826446281,62.20095693779905
LEG,1.9676676238570607,3.871715877975293,1.6243555982444826,17.442356988237893,-0.039844510687115,53.89221556886228,62.5,63.10679611650486,62.80193236714976
LEN,3.285545288394696,10.794807842092585,2.659019489580128,1.8882928833586663,0.9794990037117344,48.20359281437126,61.72839506172839,47.39336492890995,53.61930294906166
LH,3.1908204490694514,10.181335138199776,2.251120270899864,0.9782578059618332,0.9379050750796956,48.80239520958084,65.68047337278107,49.55357142857143,56.48854961832062
LKQ,0.7119607380201451,0.5068880924821898,0.4372042941210871,1.0978466815463015,0.88294158007528,48.20359281437126,64.53488372093024,49.775784753363226,56.20253164556962
LLY,21.203788986503977,449.60066738418726,16.121421690682855,1.90873876687542,0.9041152716497836,49.700598802395206,65.26946107784431,49.77168949771689,56.47668393782384
LMT,25.441888904396663,647.2897110236621,19.483462142538706,3.65666979997577,0.7527824527720058,52.99401197604791,66.48936170212765,57.077625570776256,61.42506142506142
LNC,1.0671947047450476,1.1389045378358695,0.7981807967717953,2.4274855496742296,0.8099984496528073,53.89221556886228,71.03825136612022,56.27705627705628,62.80193236714976
LNT,1.1595759409714534,1.3446163628798318,0.8887829807996761,1.4886507674169238,0.837501689495438,53.59281437125748,70.15706806282722,57.75862068965517,63.35697399527187
LOW,3.5225672712181164,12.408480180257047,2.603576333971161,1.067740793752865,0.962617557595152,50.29940119760479,67.81609195402298,51.75438596491229,58.70646766169154
LRCX,2.489964093147629,6.199921185164496,1.9376522485249097,2.442801540724777,0.9261533603219992,46.10778443113773,62.048192771084345,46.81818181818182,53.36787564766839
LUV,9.406037850152348,88.47354803849859,8.970977786941036,29.13334348517431,-11.856502073227098,46.706586826347305,67.28395061728395,46.58119658119658,55.05050505050505
LYB,2.73961379198152,7.5054837292153636,1.6147449599293189,2.497430554598865,0.9588298236386726,50.0,63.05732484076433,47.59615384615385,54.24657534246575
MA,31.914986009026524,1018.5663319563588,28.64585972550737,5.448451378597972,0.3130951017012083,53.59281437125748,69.6078431372549,60.42553191489362,64.69248291571755
MAA,4.0661699236095386,16.5337378476668,3.132419292065636,2.008622712461108,0.6656525824248811,53.59281437125748,67.20430107526882,57.077625570776256,61.72839506172839
MAC,8.792919000573603,77.3154245506483,8.723372660238129,49.65661436994401,-13.573955451601051,47.60479041916168,64.64088397790056,51.31578947368421,57.21271393643031
MAR,4.580964307748247,20.98523398886337,3.5701524324808407,1.3904575925110847,0.964132745319758,50.0,68.20809248554913,51.30434782608696,58.56079404466501
MAS,3.110366212397358,9.674377975223086,2.561874018508997,3.419047864518275,0.799084342028939,51.49700598802395,67.07317073170732,50.45871559633027,57.59162303664922
MAT,0.4255711315871508,0.181110788040368,0.2541002312169139,1.379256458418852,0.927943895504466,50.898203592814376,67.45562130177515,51.12107623318386,58.16326530612245
MCD,3.750276010661028,14.064570156139595,2.7829870441920783,0.9372177964237638,0.9547214341373294,48.80239520958084,67.45562130177515,49.56521739130435,57.14285714285714
MCHP,3.4520567473796984,11.916695787129704,1.8144939438686216,3.5943054517550364,0.942561995113095,44.91017964071856,61.25000000000001,44.54545454545455,51.578947368421055
MCK,32.980380361645324,1087.7054887988004,30.261148305465888,4.999735426247284,0.7361156412821612,53.59281437125748,72.43243243243244,56.30252100840336,63.35697399527187
MCO,35.503365927889924,1260.488992209655,34.542194638722066,7.3462905801764276,-1.3414689909080049,56.2874251497006,70.35175879396985,61.67400881057269,65.72769953051643
MDLZ,0.809261749359349,0.6549045789761538,0.572610231968893,0.8816551540314645,0.9711270078421728,48.80239520958084,65.21739130434783,47.72727272727273,55.11811023622048
MDT,10.603793620797044,112.4404391524561,10.468092083242755,12.20800768544296,-4.588630391755423,53.89221556886228,69.94818652849742,58.44155844155844,63.67924528301887
MET,1.4846544682171317,2.204198889997094,1.1561342980754896,1.461227941601268,0.9150422290909068,52.39520958083832,71.50537634408603,55.64853556485355,62.588235294117645
MGM,0.964788168979321,0.9308162110024708,0.6529545989730473,1.837310750704427,0.9464763621537944,47.00598802395209,63.125,46.118721461187214,53.29815303430079
MHK,11.311096820943355,127.9409112927549,9.69289628896518,7.755183543129903,0.6287413756883595,47.90419161676647,61.01694915254237,50.70422535211267,55.38461538461539
MKC,12.867622882561124,165.57571864781065,12.69087772886299,16.272741579009903,-12.739974828094828,49.40119760479042,64.51612903225806,53.81165919282511,58.679706601467
MLM,9.602698596435708,92.21182033398831,7.834467697371292,1.4662416085717092,0.9280076341363516,52.99401197604791,67.70186335403726,50.93457943925234,58.13333333333334
MMC,11.76621467072335,138.4438076775454,9.783135442666142,4.324197656380731,-1.436432315953248,50.0,70.17543859649122,50.84745762711864,58.96805896805897
MMM,24.12472783560099,582.0024931418212,23.84624444804553,17.72060647899445,-2.5899240743614573,45.20958083832336,62.35294117647059,47.11111111111111,53.67088607594936
MNST,0.8916884246754365,0.7951082467001616,0.6594544149388114,1.2462385453790692,0.9566330104664336,49.700598802395206,68.6046511627907,50.86206896551724,58.415841584158414
MO,1.6557601760875345,2.741541760717423,1.3585952416453733,2.4650362234448324,0.786852467707257,52.99401197604791,71.50537634408603,56.118143459915615,62.88416075650118
MOS,7.892078377307993,62.28490111357237,7.658130577376529,27.686325862354483,-8.980444087475096,52.69461077844312,69.36416184971098,53.333333333333336,60.30150753768844
MPC,21.664912665526504,469.3684408048908,21.08521149530517,13.6494780467539,-1.4765049236222705,47.90419161676647,64.67065868263472,48.4304932735426,55.38461538461539
MRK,3.2362110402825066,10.473061897246383,2.38887796219538,2.5091495801078265,0.950427142581886,47.30538922155689,64.12213740458014,39.436619718309856,48.837209302325576
MS,2.2272849065235847,4.960798054827774,1.4749859491604531,1.258882887492729,0.9732730533916903,50.0,68.0,51.73913043478261,58.76543209876544
MSFT,5.849137853251672,34.21241362634158,3.8739911101487294,0.9307298910651464,0.9354576566430584,47.60479041916168,65.47619047619048,48.458149779735685,55.69620253164557
MSI,149.7106409098635,22413.2760016421,148.06450374021105,33.364646901448815,-22.75628609182584,49.40119760479042,68.63905325443787,50.0,57.85536159600998
MTB,3.759522619242606,14.134010324596789,2.621519256737697,1.4262717583810611,0.9543976045657678,49.700598802395206,66.66666666666666,49.327354260089685,56.70103092783505
MTD,22.44303672506957,503.68989744282175,14.905553014947396,1.1910870761848884,0.9670403361053233,48.80239520958084,64.49704142011834,49.54545454545455,56.041131105398456
MU,28.116706019179915,790.5491573689881,27.59976747645361,28.097970546801747,-3.422728032374021,49.40119760479042,65.66265060240963,49.321266968325794,56.33074935400517
NAVI,3.7753562324546905,14.253314681934476,3.741913358918322,26.12418245178626,-7.234222035727441,46.40718562874252,63.69426751592356,45.04504504504504,52.770448548812666
NCLH,1.14795670064943,1.317804586565925,0.875391265350936,4.200706142418601,0.9235363863453524,54.19161676646706,70.11494252873564,54.7085201793722,61.46095717884131
NDAQ,0.9726144955867312,0.9459789570254312,0.6413928128107326,0.8582987226683795,0.97233890616239,60.17964071856288,80.10752688172043,60.81632653061224,69.1415313225058
NEE,15.247231479535872,232.4780677905497,14.955655326362862,19.978476777906867,-6.94116297079388,50.0,66.31016042780749,54.38596491228071,59.75903614457832
NEM,14.123758262370924,199.4805474538909,13.904526570220495,29.321700431933927,-6.022125277025006,52.39520958083832,69.23076923076923,55.021834061135365,61.31386861313869
NFLX,98.50524109823785,9703.282523821968,91.13116128629709,10.22152709330475,0.6244513220009,51.49700598802395,69.44444444444444,53.8793103448276,60.67961165048544
NI,1.089843445294859,1.1877587352521692,1.0101450442983138,2.773411977767727,0.8809547274632533,45.50898203592814,67.03296703296702,50.0,57.27699530516433
NKE,13.22028699555179,174.77598824475578,10.658534813550986,16.045527055519425,-1.5049838505124824,64.67065868263472,66.55948553054662,93.66515837104072,77.81954887218046
NOC,9.24175623705776,85.410058345196,6.529169107408649,1.334633148330455,0.8956080994792405,50.59880239520959,66.66666666666666,53.98230088495575,59.65770171149144
NOV,5.125636317348847,26.272147657725448,5.050631297307421,32.46926840773312,-5.651124789231716,52.69461077844312,65.83850931677019,50.717703349282296,57.2972972972973
NRG,71.45806516106067,5106.255076562394,60.39166772097839,58.71529227847317,-14.595330311732436,46.40718562874252,69.34306569343066,40.94827586206897,51.490514905149055
NSC,3.7180051824183113,13.82356253648942,2.283778787719672,0.9411307856155724,0.936002953512308,48.20359281437126,64.45783132530121,48.41628959276018,55.29715762273901
NTAP,2.868450663172651,8.228009207055623,1.957792817272364,1.7215242089774017,0.9638693736614566,48.50299401197605,66.47398843930635,50.21834061135371,57.2139303482587
NTRS,1.874098942909734,3.512246847815382,1.3344716397470486,1.3526341845272625,0.9596459207169696,52.09580838323353,68.58638743455498,56.70995670995672,62.08530805687204
NUE,17.29594171719593,299.1495998846385,16.42863599781314,11.948523504195348,-0.1147575062752286,52.69461077844312,67.05882352941175,52.77777777777778,59.067357512953365
NVDA,6.121601501088629,37.47400493813056,5.063551074419461,4.0519590583311,0.7807272712770147,49.10179640718562,66.08187134502924,50.22222222222222,57.07070707070707
NWL,1.1572541871413606,1.3392372536562114,0.8525259646800027,13.86384673523259,0.5602421384892345,46.706586826347305,61.53846153846154,44.85981308411215,51.891891891891895
NWS,0.4037511302900323,0.1630149752104786,0.272380621230426,0.9011435172576936,0.9579640173261076,50.59880239520959,68.02325581395348,51.54185022026432,58.64661654135338
NWSA,0.3418517810346592,0.1168626401965685,0.2226165033294193,0.8149181102023438,0.908440040101263,47.30538922155689,65.29411764705883,48.68421052631579,55.778894472361806
O,4.407996078553727,19.43042942854504,3.685296972360182,6.384587699058393,-0.9193937079034676,40.41916167664671,57.14285714285714,44.642857142857146,50.125313283208015
OKE,16.56767394400004,274.4878199146978,14.553654133399933,14.93475695946517,-2.1600711265656747,54.49101796407185,73.07692307692307,56.35593220338984,63.63636363636363
OMC,2.935071565588539,8.614645095126358,2.285891229134001,2.581961062059212,0.9152745037018704,53.59281437125748,69.1891891891892,56.63716814159292,62.28710462287105
ORCL,3.7059934476919314,13.734387434335527,2.4753043996504984,1.5768500376657255,0.9562632719975558,52.39520958083832,70.6896551724138,53.24675324675325,60.74074074074074
ORLY,1.4275170336754188,2.0378048814334666,1.1582057266733508,1.3881877003093253,0.9613272926822723,52.99401197604791,71.26436781609196,53.67965367965368,61.23456790123457
OXY,42.39378168924442,1797.2327259153155,41.94478928540872,83.22472370195274,-46.4612406304039,64.37125748502994,64.37125748502994,100.0,78.32422586520947
PAYX,1.88738358130411,3.562216782976328,1.281595116625985,0.9059050150653466,0.9637934291580432,49.10179640718562,66.86046511627907,50.43859649122807,57.49999999999999
PCAR,1.754606779839635,3.0786449518592134,1.1435083448406382,1.1294911829400551,0.949950807483274,50.898203592814376,67.08074534161491,49.31506849315068,56.84210526315789
PCG,8.993449357854773,80.88213135229844,8.896417267234023,48.29608199720873,-25.931372273327728,53.293413173652695,73.11827956989248,56.19834710743802,63.55140186915887
PEG,1.256228351364675,1.5781096707724092,0.9140277838119856,1.0948576986643137,0.9311872824744976,50.898203592814376,68.0,52.42290748898678,59.20398009950249
PEP,1.6884247011880602,2.8507779715819903,1.1331401015438367,0.7340879229746444,0.9853663889574734,48.50299401197605,64.55696202531645,46.78899082568808,54.25531914893617
PFE,1.6260372068054507,2.643996997915672,1.5534593181056302,5.898851978420957,0.4946181326001635,47.30538922155689,62.893081761006286,46.08294930875576,53.191489361702125
PFG,43.50354347113292,1892.558294544752,43.25820646798962,52.92783889733098,-87.91149375066243,66.76646706586826,66.76646706586826,100.0,80.07181328545781
PG,2.109231084044884,4.448855765901157,1.5875368142199062,0.948086669141858,0.7964259816714883,49.700598802395206,68.20809248554913,51.08225108225109,58.415841584158414
PGR,5.650044308387039,31.92300068673677,4.757881886823871,1.892278619873185,0.9253779662850024,47.00598802395209,64.40677966101694,50.0,56.2962962962963
PH,10.822503733924888,117.12658707081816,6.409605321907285,1.0447457834449627,0.9600372884415282,50.59880239520959,68.04733727810651,50.88495575221239,58.22784810126582
PHM,4.732871600663567,22.40007358836772,4.291382226894144,3.645150115675684,0.8965746810814035,50.0,64.375,48.35680751173709,55.22788203753352
PKG,88.97949999688123,7917.351419694987,88.28006206744641,41.928581027740606,-19.75953560981036,52.39520958083832,67.59776536312849,54.5045045045045,60.349127182044896
PLD,1.8900346984647969,3.572231161400915,1.3888344975695508,1.220106513442405,0.9518214737194364,47.60479041916168,63.31360946745562,48.63636363636364,55.012853470437015
PM,2.521021371333367,6.35554875471957,1.839998825720884,1.311872929062295,0.9840013693940244,53.293413173652695,74.60317460317461,56.62650602409639,64.38356164383562
PNC,179.00919197288482,32044.290810785133,176.3833276817692,95.7412883178716,-131.00519253599666,51.19760479041916,67.90123456790124,49.7737556561086,57.44125326370757
PNR,3.258445475116287,10.617466914305805,2.954761668361839,3.112257517300457,0.8680904759799672,49.700598802395206,64.91228070175438,50.68493150684932,56.92307692307692
PNW,5.826611393749302,33.94940033376919,4.5082931606449295,4.991312625189607,-0.9020139410938826,51.19760479041916,69.23076923076923,54.07725321888413,60.722891566265055
PPG,2.36789936048477,5.606947381384182,1.3804646093665225,1.2388716136476878,0.9235719882856922,54.19161676646706,69.61325966850829,56.25,62.22222222222222
PPL,0.8125211870211301,0.6601906793582263,0.6338760485862626,1.9133411234916256,0.847584894856205,47.60479041916168,68.47826086956522,51.85185185185185,59.01639344262295
PRGO,1.4715437415479855,2.165440983289044,1.2858401220390754,4.845614391180299,-0.0117200038612796,64.67065868263472,64.67065868263472,100.0,78.54545454545455
PRU,2.926488429213742,8.564334526321915,2.370656920324511,2.0284280764587392,0.8739790837918513,51.19760479041916,69.23076923076923,51.31578947368421,58.94206549118388
PSA,126.376284759774,15970.965349683487,125.51960503136834,39.81684124667306,-29.423946524469635,51.19760479041916,70.28571428571428,52.56410256410257,60.14669926650367
PSX,5.503968084708931,30.29366467749449,4.740284395484791,3.847049589521785,0.7665193392013729,51.49700598802395,65.93406593406593,54.54545454545454,59.70149253731343
PVH,3.666182911318293,13.440897139242276,2.7010061907492515,3.299147865119001,0.9321156153240956,49.10179640718562,62.5,49.528301886792455,55.26315789473685
PWR,98.21892216033312,9646.956670337571,97.51197317234082,33.19590470241141,-7.768514728934162,50.898203592814376,67.77777777777779,53.50877192982456,59.80392156862745
PYPL,4.541455763842301,20.624820454936465,3.784220817405568,5.169616149969504,0.7919592823509365,51.796407185628745,66.17647058823529,59.471365638766514,62.64501160092807
QCOM,3.65564444618961,13.363736316956937,2.234197118573221,1.3784984299685936,0.9405098369465812,47.00598802395209,62.5,49.7737556561086,55.41561712846348
QRVO,11.343966829689911,128.68558343310502,9.097688861265112,12.665007717634142,0.6736448554891838,52.09580838323353,69.03225806451613,48.85844748858448,57.21925133689839
RCL,22.84248894585712,521.7793012416045,18.920662967130305,8.581260067421358,0.585822953216655,52.09580838323353,67.0,58.77192982456141,62.61682242990653
REG,4.403460793512344,19.390466960000364,4.232753455284818,5.9604493666344665,-1.0787235594236035,49.40119760479042,63.730569948186535,55.4054054054054,59.27710843373494
REGN,18.899785019882312,357.2018737977678,14.08341080977222,1.8149322596692887,0.991776814989393,50.29940119760479,65.98639455782312,45.539906103286384,53.888888888888886
RF,6.498778430180613,42.23412108458079,6.459794693200444,28.277559415576697,-9.940796762414829,49.10179640718562,66.08187134502924,50.22222222222222,57.07070707070707
RHI,4.561244241630572,20.80494903180805,4.31821697764446,6.974653711194281,0.7471341802805817,52.99401197604791,66.47398843930635,53.73831775700935,59.43152454780362
RJF,27.19373545602348,739.4992480521885,24.673033998215363,16.737022299577912,-1.1190298917285428,51.49700598802395,69.94219653179191,52.38095238095239,59.900990099009896
RL,129.02015798305104,16646.201165971444,126.89141586327708,58.79527066765038,-12.773840719524822,48.20359281437126,64.83516483516483,51.98237885462555,57.70171149144255
RMD,3.992455097978113,15.939697709371424,2.5012119729945885,1.0896145527170662,0.9323046058860104,48.80239520958084,66.66666666666666,50.65502183406113,57.5682382133995
ROK,6.2752228172925735,39.37842140666935,4.107021890537946,1.4870589253465656,0.8868574936909284,47.90419161676647,61.79775280898876,50.92592592592593,55.83756345177665
ROP,7.261318725462406,52.72674963275097,4.871614817475206,0.8815173684018303,0.8595024732230683,49.40119760479042,67.06586826347305,49.55752212389381,56.99745547073791
ROST,5.132484398491326,26.342396100756872,4.499752568148869,3.082305687013489,0.5732582965631536,49.10179640718562,63.2768361581921,51.61290322580645,56.8527918781726
RRC,0.9462256608113369,0.8953430011778508,0.7777305462467123,2.2171153978468654,0.9299388770042052,51.49700598802395,68.15642458100558,53.74449339207048,60.09852216748769
RSG,4.424623451049525,19.57729268357741,3.887072368757046,1.7622689906583708,0.9377771403528052,55.08982035928144,75.0,57.02479338842975,64.7887323943662
SBAC,8.312471641258506,69.09718478672687,5.926295359483401,2.734416000512645,0.6630388203141226,45.50898203592814,63.095238095238095,46.90265486725664,53.80710659898477
SBUX,10.30171192010887,106.1252684849132,9.499940684108594,9.870854655681532,0.0380874746387521,47.30538922155689,62.98701298701299,44.907407407407405,52.43243243243243
SCHW,1.5963847149103958,2.5484441579995454,1.2485790794340517,1.6430269068548953,0.9537051030161064,51.49700598802395,70.17543859649122,51.94805194805194,59.70149253731343
SEE,3.8030416664048894,14.46312591641168,3.5367862715461214,10.487544918514637,-0.557928354502504,53.59281437125748,67.3913043478261,56.62100456621004,61.53846153846154
SHW,5.569853212495365,31.023264808744937,4.279146921650657,1.2016557946547597,0.930834071327838,49.700598802395206,63.92405063291139,47.64150943396226,54.59459459459459
SIG,2.3624998003482265,5.58140530664541,1.6747613035529398,2.2368844743839995,0.9803680624463148,48.50299401197605,62.57668711656442,47.88732394366197,54.25531914893617
SJM,1.550796704760412,2.404970419495753,1.079214453433767,0.9589083754003086,0.9151202229572236,51.49700598802395,64.57142857142857,53.05164319248826,58.24742268041238
SLB,27.873116936236684,776.9106477411242,27.627317073163702,66.86706420958576,-49.200900459981725,61.07784431137725,64.26229508196721,90.32258064516128,75.09578544061303
SLG,1.5636454446582804,2.4449870766005914,1.1692361867321068,1.8110323225715068,0.9587445541537316,52.69461077844312,68.57142857142857,53.81165919282511,60.30150753768844
SNA,4.91838390966722,24.19050028287341,3.166269667214426,0.990688939340528,0.9756921260605964,48.50299401197605,63.24324324324324,52.94117647058824,57.635467980295566
SNPS,11.41087348648036,130.20803372446045,7.373654834561383,1.4647689749257553,0.94334331045236,51.49700598802395,68.04733727810651,51.569506726457405,58.67346938775511
SO,2.2786668176972977,5.192322466074731,2.106806234672893,2.403646561794189,0.6235390312154792,49.700598802395206,69.46107784431138,49.78540772532189,57.99999999999999
SPG,49.87540992784346,2487.5565154704263,49.65267492220296,29.653115843049964,-19.18323019363133,51.19760479041916,68.44919786096256,55.172413793103445,61.09785202863962
SPGI,93.83163184747949,8804.375135160926,93.33080271293863,18.569936506299868,-19.211800948029072,54.19161676646706,69.1919191919192,59.82532751091703,64.16861826697892
SRE,1.3995269723203492,1.958675746252164,0.7639997292917173,0.964542882469556,0.9573281164252214,51.19760479041916,68.85245901639344,54.310344827586206,60.722891566265055
STT,4.379094486744802,19.17646852383872,3.6801544548161806,3.9849628305595353,0.6648960509633297,55.98802395209581,72.87234042553192,58.798283261802574,65.08313539192399
STX,3.0791320579926107,9.48105423055781,2.325327642676542,2.440001633844976,0.903024873692298,52.39520958083832,67.35751295336787,57.52212389380531,62.05250596658711
STZ,11.15176783476876,124.36192584058308,8.219568012492454,4.209061257827324,0.8717862050141099,46.40718562874252,61.64383561643836,42.25352112676056,50.13927576601671
SWK,7.260315779242631,52.712185214319526,4.571937463996684,6.445315268506511,0.7140100426949172,50.59880239520959,64.90066225165563,46.66666666666666,54.29362880886427
SWKS,20.628291029127976,425.5263907824017,18.198442828145936,20.3933364044642,-0.456006370488881,49.10179640718562,64.97175141242938,51.569506726457405,57.49999999999999
SYF,2.166835402256149,4.695175660470567,1.8455715001768127,3.228625027025147,0.9255021109000238,48.80239520958084,65.89595375722543,50.4424778761062,57.14285714285714
SYK,4.289726722911113,18.40175535725772,2.9149412148336844,0.8008655570338853,0.9502898482634704,51.796407185628745,68.0,53.125,59.64912280701754
SYY,12.91109581395592,166.6963951171501,12.862492337024928,17.284508908364238,-21.67476671177924,52.09580838323353,67.59776536312849,54.26008968609865,60.19900497512438
T,5.888370730764843,34.6729098629281,5.811254307995538,24.83279558869779,-2.9704264065294588,52.09580838323353,69.1919191919192,58.05084745762712,63.1336405529954
TAP,14.018202618652351,196.51000465759165,13.89744354874341,24.4322328297254,-17.85691605625896,48.50299401197605,64.97175141242938,51.11111111111111,57.2139303482587
TDG,469.857683257844,220766.2425164284,468.1611564911833,35.312779892260835,-60.67247935845889,48.20359281437126,67.41573033707866,51.06382978723404,58.111380145278446
TEL,2.793493849527761,7.803607887349429,2.25490230246443,1.523617592898666,0.8439738411420518,50.59880239520959,66.08187134502924,51.36363636363637,57.8005115089514
TGT,10.799803154069233,116.63574816664376,10.16393313395301,7.6643792811153535,0.7422604331608413,52.69461077844312,63.775510204081634,58.9622641509434,61.274509803921575
TJX,1.6140909340024805,2.605289543228999,1.2526604114076902,1.040884266592642,0.9217857068023764,48.50299401197605,66.0919540229885,50.43859649122807,57.2139303482587
TMO,7.465196088702181,55.729152642774345,4.89337537196857,0.9386538371230494,0.9858059835778148,45.20958083832336,57.86163522012578,44.230769230769226,50.13623978201635
TPR,28.23276641914456,797.0890996779764,27.324035480042,45.78522354569776,-2.404737752060142,57.78443113772455,71.89189189189189,59.90990990990991,65.35626535626535
TRIP,1.15213056092627,1.3274048294202816,0.9518767935677036,6.571112636132515,0.5323632278460715,57.18562874251497,70.64220183486239,66.09442060085837,68.29268292682927
TROW,25.730191666967475,662.0427632188826,23.671069759620664,21.3939878628608,-5.120992192427854,58.08383233532935,68.89952153110048,65.75342465753424,67.28971962616822
TRV,61.38290763582323,3767.861349828006,61.11272669388645,25.126121448894025,-9.857284205869629,49.40119760479042,66.66666666666666,54.310344827586206,59.85748218527316
TSCO,0.8776736461867696,0.7703110292107788,0.5677033120678443,1.053718970688294,0.8873142917716536,49.40119760479042,65.69767441860465,50.67264573991032,57.21518987341773
TSN,0.8688593383722253,0.7549165498766212,0.6266429001964724,1.0511456347724946,0.8964816454596614,48.50299401197605,64.11764705882354,49.54545454545455,55.8974358974359
TXN,3.976739817520012,15.814459576249098,2.745770333094394,1.459556959358603,0.935087908123428,44.31137724550898,60.49382716049383,44.54545454545455,51.30890052356021
TXT,25.93090014500312,672.4115823301227,25.71751361592492,31.99268789098963,-10.452100608970614,52.69461077844312,67.61363636363636,54.090909090909086,60.1010101010101
UA,0.4506835889862656,0.2031156973815412,0.3462811101049518,5.164345218125449,0.8189488579288905,50.59880239520959,63.58695652173913,54.4186046511628,58.64661654135338
UAA,0.8568576443268011,0.7342050226412747,0.7584279549388753,10.151035588253784,0.5399397052271847,47.90419161676647,62.75862068965517,43.127962085308056,51.12359550561798
UAL,2.2209491528298813,4.932615139455767,1.4182381614242026,1.909450333231144,0.9897736334038022,49.10179640718562,65.89595375722543,50.66666666666667,57.286432160804026
UDR,8.123648399820262,65.99366332390228,8.050428098147039,18.686779155201588,-19.195172716720386,48.20359281437126,62.85714285714285,50.45871559633027,55.97964376590331
UHS,23.228272913204226,539.5526625302971,18.40740049497225,8.775008058549721,-0.2530895746925337,46.706586826347305,64.49704142011834,48.01762114537445,55.05050505050505
ULTA,9.283685147915364,86.18680992562433,7.137237202118612,1.8709648578275344,0.883750415946987,47.90419161676647,62.27544910179641,48.372093023255815,54.45026178010471
UNH,13.632001479273246,185.83146433090795,8.318453574218957,1.6482900156537348,0.9666206309286172,47.30538922155689,63.905325443786985,48.4304932735426,55.10204081632652
UNM,1.2838534214754784,1.6482796078342927,0.8352558326721217,1.2025125573822817,0.9847037694599512,55.08982035928144,71.07843137254902,61.440677966101696,65.9090909090909
UNP,3.1921195736612806,10.189627372551476,2.2095840920975016,0.9326361167610082,0.9103907311218078,53.89221556886228,70.05988023952095,52.94117647058824,60.30927835051546
UPS,7.246425088193039,52.51067655879349,4.056793066287885,3.902152154471277,0.7169588619096194,53.293413173652695,65.3061224489796,59.25925925925925,62.13592233009708
URI,20.93169099773312,438.1356880245816,17.478775540211313,2.42146918309065,0.9308766371896016,48.20359281437126,63.35403726708074,47.22222222222222,54.11140583554377
USB,2.053260912109106,4.215880373195117,1.6098618963556504,3.6592814629025736,0.711233881934385,53.89221556886228,67.70833333333334,58.55855855855856,62.80193236714976
VFC,6.368420573642258,40.55678060278998,5.7271737201462924,33.9812139009812,-1.2761637377668258,52.09580838323353,66.66666666666666,55.203619909502265,60.3960396039604
VLO,76.23765348486815,5812.179808878828,75.91279130898661,56.544981913383744,-42.23853329963534,51.796407185628745,68.8622754491018,51.33928571428571,58.82352941176471
VMC,4.850488788711382,23.52724148941481,3.891469934975968,1.5064661667930117,0.9160115382656177,50.29940119760479,68.32298136645963,48.888888888888886,56.994818652849744
VNO,0.9204660612580572,0.8472577699279216,0.6932129410469722,1.8425338543222565,0.965440752287942,49.40119760479042,68.18181818181817,51.50214592274678,58.679706601467
VRSK,5.601002988186595,31.37123447367517,4.689462932458561,1.650244261568136,0.8138693678098812,44.91017964071856,61.20218579234973,49.77777777777778,54.90196078431373
VRSN,57.22045885687265,3274.180911791056,36.58403205061316,16.73130536835981,-1.9073924972865248,54.79041916167665,71.06598984771574,59.82905982905983,64.96519721577727
VRTX,276.1216162524386,76243.14696185898,275.1340449576076,58.621373200431584,-100.97325602419544,52.09580838323353,69.89247311827957,55.55555555555556,61.90476190476191
VTR,2.0592045574397657,4.240323409380701,1.759349797923174,2.758726124424265,0.7969528389512771,50.59880239520959,69.83240223463687,52.96610169491526,60.24096385542169
VZ,8.456431650337137,71.5112362568237,8.328218490333692,19.659724235755824,-20.412154525878915,48.80239520958084,66.66666666666666,52.58620689655172,58.79518072289157
WAT,7.753263751884518,60.1130988062864,5.449041698646185,1.5314678534608814,0.9344433870454992,47.60479041916168,61.98830409356725,49.07407407407408,54.78036175710594
WBA,5.921735279945465,35.0669487257508,5.7866198477900745,58.12968363599972,-29.27617438895084,51.796407185628745,65.80645161290323,48.57142857142857,55.89041095890411
WDC,17.784825028950202,316.3000013103735,17.71519423679096,37.19523697664648,-9.966836461661153,48.20359281437126,65.21739130434783,47.2972972972973,54.83028720626631
WEC,1.9091276256517504,3.6447682910266894,1.5651723156187751,1.606784750399162,0.9424080095008346,52.09580838323353,68.58638743455498,56.70995670995672,62.08530805687204
WFC,1.7122413961850884,2.931770598809861,1.2764172641554892,1.8705384356558457,0.958176284884302,52.39520958083832,67.95580110497238,54.91071428571429,60.74074074074074
WHR,3.652234541773172,13.33881714812109,2.285400149469822,2.524375633569866,0.92492264544106,51.796407185628745,62.63736263736264,55.072463768115945,58.61182519280206
WM,2.415204925672548,5.833214832992939,1.4718442646425172,0.6770391767123375,0.9471497350572512,52.99401197604791,73.5632183908046,53.55648535564853,61.98547215496368
WMB,1.1574418012536316,1.339671523289251,0.920029219616702,1.6762265373251424,0.9639686312983302,51.49700598802395,70.2247191011236,53.41880341880342,60.67961165048544
WMT,2.2931537447239223,5.258554096941348,1.946976269198885,2.2033175388641286,0.9475753041450214,48.20359281437126,67.95580110497238,51.68067226890757,58.71121718377088
WU,0.8873539705680762,0.7873970690829303,0.7235432649061306,6.499091746008166,-0.0611133801570045,53.59281437125748,66.66666666666666,56.481481481481474,61.15288220551378
WY,0.4457530738161823,0.1986958028165749,0.3154560063134383,1.0730447123613382,0.9618712499511792,47.90419161676647,63.63636363636363,47.94520547945205,54.6875
WYNN,22.553921830776783,508.6793899487895,21.808943040846,24.93463269117996,-7.04742655176431,47.90419161676647,62.80487804878049,47.68518518518518,54.21052631578947
XEL,8.501297289139272,72.27205559832673,8.370504279743825,12.706789057509718,-1.864531693357564,52.69461077844312,69.63350785340315,57.08154506437768,62.735849056603776
XOM,4.4227421179208655,19.56064784163114,3.692597566005,3.227671117536716,0.3714061635636635,50.59880239520959,65.68047337278107,50.917431192660544,57.36434108527132
XRAY,7.71915578180831,59.585365983824666,6.52316223364846,38.55723112901287,-2.1490208065600496,49.10179640718562,67.8082191780822,44.5945945945946,53.80434782608695
XRX,4.572933027933314,20.91171647796335,3.995226449163992,63.01312499427743,-2.947816094572281,51.49700598802395,65.56291390728477,47.368421052631575,55.00000000000001
XYL,2.545721652863648,6.480698733858824,2.0626720489726,1.6373673530404012,0.8980711491969753,49.700598802395206,65.21739130434783,53.57142857142857,58.82352941176471
YUM,2.000752947341,4.003012356293699,1.4556700056275311,1.0449638475156846,0.9521366480989292,51.49700598802395,66.46706586826348,51.1520737327189,57.8125
ZBH,5.458727534106577,29.79770629161328,4.730524835026083,4.437096784698892,-0.156675837585841,52.69461077844312,70.39106145251397,54.54545454545454,61.46341463414634
ZION,24.468390997738684,598.7021580182194,24.16305134510193,47.23587826748176,-21.252705875057465,49.10179640718562,64.32748538011695,50.2283105022831,56.41025641025641
